lucíasuárez,Tom@s12223
diegosilva,Tom@s12223
andrésmartínez,Tom@s12223
josémorales,Tom@s12223
lucíavargas,Tom@s12223
miguelsilva,Tom@s12223
andrésrojas,Tom@s12223
josépérez,Tom@s12223
patriciamendoza,Tom@s12223
carlosflores,Tom@s12223
pedrorojas,Tom@s12223
anacastro,Tom@s12223
elenamendoza,Tom@s12223
diegotorres,Tom@s12223
jorgepérez,Tom@s12223
miguelvargas,Tom@s12223
anamendoza,Tom@s12223
maríamartínez,Tom@s12223
anapérez,Tom@s12223
maríarojas,Tom@s12223
elenasuárez,Tom@s12223
lucíapérez,Tom@s12223
sofíagómez,Tom@s12223
lucíasánchez,Tom@s12223
maríalópez,Tom@s12223
elenasánchez,Tom@s12223
carlospérez,Tom@s12223
miguelrojas,Tom@s12223
diegovargas,Tom@s12223
isabelcastro,Tom@s12223
luisherrera,Tom@s12223
anarojas,Tom@s12223
carmencastro,Tom@s12223
maríaflores,Tom@s12223
jorgeramírez,Tom@s12223
josérodríguez,Tom@s12223
lauralópez,Tom@s12223
isabelpérez,Tom@s12223
luiscastro,Tom@s12223
andréscastro,Tom@s12223
juancastro,Tom@s12223
juanmartínez,Tom@s12223
lauraflores,Tom@s12223
martagarcía,Tom@s12223
lucíamartínez,Tom@s12223
anaflores,Tom@s12223
sofíasilva,Tom@s12223
lauramendoza,Tom@s12223
elenaflores,Tom@s12223
albertodíaz,Tom@s12223
andrésvargas,Tom@s12223
juanflores,Tom@s12223
jorgecastro,Tom@s12223
isabelgarcía,Tom@s12223
jorgemartínez,Tom@s12223
laurafernández,Tom@s12223
miguelherrera,Tom@s12223
sofíagarcía,Tom@s12223
carlostorres,Tom@s12223
carlosfernández,Tom@s12223
patriciarojas,Tom@s12223
lucíatorres,Tom@s12223
diegomartínez,Tom@s12223
patriciatorres,Tom@s12223
migueldíaz,Tom@s12223
sofíaherrera,Tom@s12223
luissuárez,Tom@s12223
carmengarcía,Tom@s12223
lauratorres,Tom@s12223
sofíasánchez,Tom@s12223
albertolópez,Tom@s12223
diegoramírez,Tom@s12223
josédíaz,Tom@s12223
sofíamartínez,Tom@s12223
isabelrodríguez,Tom@s12223
juanramírez,Tom@s12223
elenacastro,Tom@s12223
carmensánchez,Tom@s12223
carlosrodríguez,Tom@s12223
jorgesánchez,Tom@s12223
elenagómez,Tom@s12223
elenafernández,Tom@s12223
elenavargas,Tom@s12223
anavargas,Tom@s12223
diegocastro,Tom@s12223
luispérez,Tom@s12223
patriciamorales,Tom@s12223
sofíarojas,Tom@s12223
sofíaflores,Tom@s12223
lucíaramírez,Tom@s12223
andrésdíaz,Tom@s12223
pedrotorres,Tom@s12223
miguelramírez,Tom@s12223
diegomorales,Tom@s12223
juansánchez,Tom@s12223
miguellópez,Tom@s12223
pedroramírez,Tom@s12223
sofíapérez,Tom@s12223
carmenherrera,Tom@s12223
sofíacastro,Tom@s12223
maríaherrera,Tom@s12223
carmenflores,Tom@s12223
andréspérez,Tom@s12223
albertorodríguez,Tom@s12223
maríadíaz,Tom@s12223
diegogómez,Tom@s12223
isabelmartínez,Tom@s12223
jorgemorales,Tom@s12223
carmenfernández,Tom@s12223
jorgegómez,Tom@s12223
martaflores,Tom@s12223
albertosuárez,Tom@s12223
pedrocastro,Tom@s12223
andréssilva,Tom@s12223
isabelmendoza,Tom@s12223
carlosgómez,Tom@s12223
martaramírez,Tom@s12223
joséherrera,Tom@s12223
albertosánchez,Tom@s12223
carloscastro,Tom@s12223
